station_id,name,X,Y,area,subcatchment,river,catchment,country,strahler,pfafstetter,rl1.5,rl2,rl5,rl10,rl20,rl50,rl100,rl200,rl500,n_events_5,f1_current,f1_model_mean,f1_weighted_mean
4555, Río Ebro en Arroyo,3177500.000,2307500.000,500.000,Ebro,Ebro,Ebro,ES,1.000,25111.000,27.162,31.369,41.723,48.578,55.154,63.665,70.043,76.398,84.782,0,0.000,0.000,0.000
620,Nela En Trespaderne,3227500.000,2292500.000,1075.000,Nela,Nela,Ebro,ES,2.000,22111.000,164.328,211.042,326.005,402.121,475.133,569.639,640.459,711.019,804.111,2,0.557,0.581,0.603
4627, Río Zadorra en Vitoria-Abetxuko,3292500.000,2282500.000,675.000,Zadorra,Zadorra,Ebro,ES,2.000,20111.000,62.203,74.985,106.443,127.270,147.248,173.108,192.486,211.793,237.266,4,0.552,0.500,0.526
4564, Río Tirón en Ochánduri,3252500.000,2247500.000,725.000,Tiron,Tiron,Ebro,ES,2.000,18111.000,13.007,24.221,51.817,70.089,87.615,110.301,127.301,144.238,166.585,0,,,
4563, Río Najerilla en Anguiano,3267500.000,2217500.000,625.000,Najerilla,Najerilla,Ebro,ES,2.000,16111.000,18.744,29.784,56.955,74.944,92.199,114.534,131.272,147.948,169.949,2,0.130,0.045,0.085
596,Ega En Andosilla,3337500.000,2222500.000,1425.000,Ega,Ega,Ebro,ES,2.000,12111.000,79.734,97.398,140.869,169.650,197.258,232.994,259.773,286.454,321.655,1,0.562,0.414,0.703
649,Aragon En Martes,3427500.000,2227500.000,1100.000,Aragon,Aragon,Ebro,ES,2.000,10711.000,176.530,239.909,395.883,499.151,598.208,726.428,822.511,918.243,1044.543,0,,,
2809,Esca En Sigues,3417500.000,2237500.000,500.000,Aragon,Esca,Ebro,ES,3.000,10611.000,78.585,101.293,157.176,194.175,229.666,275.605,310.030,344.330,389.581,0,,,0.000
626,Aragon A.A. Yesa,3402500.000,2237500.000,2225.000,Aragon,Aragon,Ebro,ES,2.000,10511.000,166.752,246.990,444.453,575.191,700.597,862.924,984.564,1105.761,1265.657,0,,,
2854,ITOIZ ,3392500.000,2257500.000,525.000,Aragon,Irati,Ebro,ES,3.000,10411.000,75.495,102.277,168.186,211.824,253.683,307.864,348.466,388.919,442.289,3,0.375,0.267,0.323
4625, Río Arga en Burlada,3372500.000,2262500.000,525.000,Aragon,Arga,Ebro,ES,3.000,10231.000,150.561,181.944,259.177,310.313,359.363,422.853,470.431,517.834,580.374,2,0.412,0.364,0.457
597,Arga En Funes,3352500.000,2217500.000,2775.000,Aragon,Arga,Ebro,ES,3.000,10211.000,474.849,559.588,768.128,906.199,1038.641,1210.073,1338.537,1466.532,1635.398,2,0.514,0.556,0.595
639,Alhama En Cintruenigo,3337500.000,2182500.000,1100.000,Alhama,Alhama,Ebro,ES,2.000,9811.000,19.437,31.433,60.956,80.503,99.253,123.522,141.709,159.829,183.736,0,0.000,0.000,0.000
4595, Río Queiles en Tudela,3357500.000,2177500.000,500.000,Huecha,Queiles,Ebro,ES,2.000,9611.000,2.670,4.484,8.949,11.905,14.740,18.410,21.160,23.900,27.515,0,,,
4622, Río Huecha en Cortes,3372500.000,2162500.000,550.000,Huecha,Huecha,Ebro,ES,2.000,9411.000,1.620,3.254,7.274,9.936,12.490,15.795,18.272,20.740,23.996,0,0.000,0.000,0.000
643,Arba En Tauste,3392500.000,2167500.000,2175.000,Arba,Arba,Ebro,ES,2.000,9211.000,37.492,62.101,122.662,162.758,201.220,251.004,288.311,325.481,374.520,0,,,
655,Jalon En Cetina,3322500.000,2102500.000,1975.000,Jalon,Jalon,Ebro,ES,2.000,8511.000,3.043,4.962,9.683,12.809,15.808,19.689,22.598,25.496,29.319,0,,,
4548, Río Piedra en Nuévalos,3332500.000,2087500.000,800.000,Jalon,Piedra,Ebro,ES,3.000,8431.000,34.735,49.230,84.901,108.518,131.173,160.497,182.471,204.364,233.249,1,0.000,0.000,0.000
4566, Río Mesa en Jaraba,3327500.000,2087500.000,550.000,Jalon,Mesa,Ebro,ES,4.000,8421.000,28.108,39.154,66.337,84.335,101.598,123.944,140.689,157.373,179.385,0,,,
633,Piedra En Carenas,3332500.000,2097500.000,1500.000,Jalon,Piedra,Ebro,ES,3.000,8411.000,17.772,35.807,80.190,109.575,137.762,174.248,201.588,228.829,264.768,1,0.000,0.000,0.000
634,Jalon En Ateca,3332500.000,2102500.000,4050.000,Jalon,Jalon,Ebro,ES,2.000,8311.000,20.390,38.768,83.996,113.941,142.665,179.845,207.706,235.466,272.090,1,0.000,0.000,0.000
613,Jiloca En Morata De Jiloca,3352500.000,2087500.000,2975.000,Jalon,Jiloca,Ebro,ES,3.000,8211.000,8.976,15.042,29.970,39.853,49.334,61.606,70.801,79.964,92.052,1,0.000,0.000,0.000
600,Ebro En Zaragoza,3407500.000,2132500.000,41075.000,Ebro,Ebro,Ebro,ES,1.000,7111.000,1215.504,1385.072,1802.376,2078.668,2343.693,2686.742,2943.808,3199.936,3537.849,2,0.650,0.683,0.650
642,Huerva En Zaragoza,3407500.000,2122500.000,1100.000,Huerva,Huerva,Ebro,ES,2.000,6111.000,8.657,10.963,16.638,20.395,24.000,28.665,32.161,35.644,40.240,2,0.000,0.000,0.000
4628, Río Gállego en Sabiñánigo,3467500.000,2212500.000,775.000,Gallego,Gallego,Ebro,ES,2.000,4111.000,69.249,89.369,138.882,171.665,203.111,243.814,274.315,304.705,344.799,0,,,
614,Gallego En Sta. Eulalia,3432500.000,2192500.000,1875.000,Gallego,Gallego,Ebro,ES,2.000,4111.000,107.401,149.667,253.680,322.546,388.604,474.110,538.184,602.024,686.250,0,,,
4593, Río Aguas Vivas en Moneva,3412500.000,2072500.000,525.000,Aguas Vivas,Aguas Vivas,Ebro,ES,2.000,3611.000,10.191,19.826,43.537,59.236,74.295,93.787,108.394,122.947,142.148,0,,,
4584, Río Martín en Oliete,3422500.000,2047500.000,575.000,Martin,Martin,Ebro,ES,2.000,3411.000,2.005,5.700,14.793,20.813,26.588,34.064,39.665,45.246,52.610,0,,,
602,Martin En Hijar,3442500.000,2067500.000,1350.000,Martin,Martin,Ebro,ES,2.000,3411.000,2.653,7.289,18.698,26.251,33.497,42.875,49.903,56.905,66.143,0,,,
4586, Río Martín en Alcaine,3417500.000,2047500.000,550.000,Martin,Martin,Ebro,ES,2.000,3411.000,1.752,5.173,13.593,19.168,24.515,31.437,36.623,41.791,48.609,0,,,
628,Guadalope A.A. Santolea,3447500.000,2022500.000,1225.000,Guadalope,Guadalope,Ebro,ES,2.000,3231.000,5.783,9.041,17.060,22.370,27.463,34.055,38.995,43.917,50.411,0,,,
607,Guadalope Cola Santolea,3437500.000,2017500.000,975.000,Guadalope,Guadalope,Ebro,ES,2.000,3231.000,11.274,19.767,40.669,54.508,67.782,84.965,97.841,110.670,127.595,0,,,
608,Bergantes En Zorita,3462500.000,2017500.000,1075.000,Guadalope,Bergantes,Ebro,ES,3.000,3221.000,10.428,35.761,98.103,139.379,178.971,230.220,268.624,306.888,357.369,0,,,
625,Guadalope En Caspe,3482500.000,2067500.000,3850.000,Guadalope,Guadalope,Ebro,ES,2.000,3211.000,18.740,54.840,143.681,202.501,258.922,331.955,386.682,441.209,513.148,0,,,
4611, Río Segre en Isòvol,3647500.000,2177500.000,700.000,Segre,Segre,Ebro,ES,2.000,2911.000,56.419,80.289,139.034,177.928,215.236,263.528,299.716,335.771,383.340,1,0.000,0.000,0.000
4553, Río Valira en La Seu D´Urgell,3617500.000,2182500.000,525.000,Segre,Valira,Ebro,ES,3.000,2811.000,42.756,61.524,107.714,138.295,167.630,205.600,234.054,262.404,299.806,0,,,
617,Segre A/Abajo E.Oliana,3597500.000,2147500.000,2675.000,Segre,Segre,Ebro,ES,2.000,2711.000,89.091,149.720,298.924,397.711,492.469,615.124,707.037,798.614,919.433,0,,,
2857,ESCALES,3557500.000,2182500.000,700.000,Segre,Noguera Ribagorzana,Ebro,ES,3.000,2411.000,25.009,28.843,38.280,44.529,50.522,58.280,64.093,69.885,77.527,0,,0.000,0.000
624,N. Ribagorzana A.A.Sta.Ana,3542500.000,2137500.000,1775.000,Segre,Noguera Ribagorzana,Ebro,ES,3.000,2411.000,20.456,25.020,36.254,43.692,50.827,60.061,66.982,73.877,82.973,0,0.000,0.000,0.000
605,Segre En Seros,3522500.000,2092500.000,12900.000,Segre,Segre,Ebro,ES,2.000,2311.000,173.671,237.052,393.032,496.305,595.366,723.591,819.677,915.413,1041.718,0,,,
4565, Río Cinca en Escalona,3512500.000,2207500.000,800.000,Segre,Cinca,Ebro,ES,3.000,2291.000,105.605,172.380,336.712,445.515,549.881,684.972,786.203,887.065,1020.134,0,,,
4559, Río Ara en Boltaña,3502500.000,2202500.000,700.000,Segre,Ara,Ebro,ES,4.000,2281.000,63.530,90.255,156.023,199.568,241.337,295.402,335.917,376.284,429.540,1,,,
2858,BARASONA-JOAQUIN COSTA,3522500.000,2167500.000,1550.000,Segre,Esera,Ebro,ES,4.000,2261.000,42.610,54.742,84.601,104.370,123.333,147.878,166.271,184.598,208.776,0,,0.000,
2806,Esera En Graus,3522500.000,2177500.000,900.000,Segre,Esera,Ebro,ES,4.000,2261.000,78.998,98.113,145.155,176.301,206.177,244.848,273.827,302.700,340.792,0,,,
654,Cinca Pte. Las Pilas,3512500.000,2162500.000,3825.000,Segre,Cinca,Ebro,ES,3.000,2251.000,108.248,146.085,239.200,300.851,359.988,436.534,493.895,551.046,626.447,0,,,
610,Rioalcanadre En P.Alcofea,3477500.000,2142500.000,1300.000,Segre,Alcanadre,Ebro,ES,4.000,2243.000,39.658,53.820,88.673,111.749,133.884,162.535,184.005,205.397,233.619,0,,,
622,Flumen En Albalatillo,3472500.000,2132500.000,1475.000,Segre,Flumen,Ebro,ES,5.000,2242.000,31.559,43.516,72.940,92.421,111.108,135.297,153.423,171.482,195.309,0,,,
4604, Clamor Amarga en Zaidín,3512500.000,2107500.000,750.000,Segre,Clamor Amarga,Ebro,ES,4.000,2221.000,5.583,13.409,32.669,45.420,57.652,73.485,85.349,97.170,112.766,0,,,
638,Matarraña En Nonaspe,3497500.000,2067500.000,1150.000,Matarranya,Matarranya,Ebro,ES,2.000,1211.000,29.705,62.585,143.502,197.075,248.464,314.983,364.828,414.492,480.015,1,,,
636,Ebro En Asco,3527500.000,2057500.000,83350.000,Ebro,Ebro,Ebro,ES,1.000,1111.000,1254.728,1389.381,1720.758,1940.159,2150.613,2423.024,2627.158,2830.547,3098.881,1,0.727,0.756,0.756
