station_id,name,X,Y,area,subcatchment,river,catchment,country,strahler,pfafstetter,rl1.5,rl2,rl5,rl10,rl20,rl50,rl100,rl200,rl500,n_events_5
2674,BALTI (BELTSY),5647500.0,2902500.0,1125.0,Reut,Reut,Dniester,MD,2.0,21,33.18601463764003,54.04139290736161,105.36589309272901,139.3471781075603,171.9428425351225,214.13458666184528,245.7513616085883,277.25277225444546,318.81290196362585,0
1335,Mogilyv Podilskyi,5617500.0,2972500.0,42975.0,"Dniester, below Seret",Dniester,Dniester,UA,1.0,31,859.846385533829,1322.7653411193367,2461.9958894452125,3216.2656401577783,3939.779293963311,4876.29350496804,5578.079118637646,6277.304034486899,7199.798538789593,0
1342,Chortkiv,5462500.0,3007500.0,3150.0,Seret,Seret,Dniester,UA,2.0,41,38.34543564935699,54.05343451421356,92.71037855159665,118.30463915603224,142.85526840885893,174.63353971507044,198.44688218006402,222.17333375849952,253.47588132450983,0
1334,Zalishyky,5467500.0,2962500.0,24725.0,"Dniester, below Stryi",Dniester,Dniester,UA,1.0,51,1279.9439794054404,1655.156463353497,2578.5438482710315,3189.906643673924,3776.340514957822,4535.419008339655,5104.241520632188,5670.988495126533,6418.703511354487,0
1341,Perevozets,5382500.0,2992500.0,1500.0,"Dniester, below Stryi",Limnytsya,Dniester,UA,2.0,52,148.19151452735517,208.43030930033865,356.67629139220765,454.82803084555337,548.9775358100188,670.8444126747661,762.1664876220015,853.1553436577735,973.1978617992252,0
1340,Zarichne,5337500.0,2992500.0,1325.0,"Dniester, below Stryi",Svicha,Dniester,UA,2.0,54,252.46862354389802,320.3941207761536,487.55686173441757,598.2331415588174,704.3964863432351,841.8140465446979,944.7891703407388,1047.3885552075128,1182.7489614789067,0
1331,Zhyravne,5352500.0,3012500.0,9900.0,"Dniester, below Stryi",Dniester,Dniester,UA,1.0,55,564.7516639683237,706.3106436541009,1054.683316887809,1285.3363394750288,1506.5842563850147,1792.9669904931502,2007.570549562306,2221.3910562929063,2503.4866136667824,0
1337,Verhne Synyovydne,5307500.0,2977500.0,2425.0,Stryi,Stryi,Dniester,UA,2.0,61,379.8739201621752,465.2049157842182,675.2020994353782,814.2385074703149,947.605568119799,1120.2355481087357,1249.5974253987065,1378.487282928282,1548.5329757179602,0
1330,Rozdol,5332500.0,3022500.0,5550.0,"Dniester, headwaters",Dniester,Dniester,UA,1.0,71,209.6151711892394,282.1486413964079,460.65147442811315,578.8358819391005,692.2012030597425,838.940982891364,948.9017984655306,1058.4613854945683,1203.0044568827018,0
